{
    "users": {
        "employeeID":"1",
        "name":"John Doe"
    },
    "quizzes": {
        "quizId": "1",
        "quiz1_path": "assets/Presentations/ContinuousIntegration/",
        "quiz1_question1": "Lorem Ipsum?",
        "quiz1_q1_answer1": "Lorem Ipsum1",
        "quiz1_q1_answer2": "Lorem Ipsum2",
        "quiz1_q1_answer3": "Lorem Ipsum3",
        "quiz1_q1_answer4": "Lorem Ipsum4",
        "quiz1_q1_correct_answer": "Lorem Ipsum1",
        "quiz1_question2": "Lorem Ipsum?",
        "quiz1_q2_answer1": "Lorem Ipsum1",
        "quiz1_q2_answer2": "Lorem Ipsum2",
        "quiz1_q2_answer3": "Lorem Ipsum3",
        "quiz1_q2_answer4": "Lorem Ipsum4",
        "quiz1_q2_correct_answer": "Lorem Ipsum1",
        "quiz1_question3": "Lorem Ipsum?",
        "quiz1_q3_answer1": "Lorem Ipsum1",
        "quiz1_q3_answer2": "Lorem Ipsum2",
        "quiz1_q3_answer3": "Lorem Ipsum3",
        "quiz1_q3_answer4": "Lorem Ipsum4",
        "quiz1_q3_correct_answer": "Lorem Ipsum1",
        "quiz1_question4": "Lorem Ipsum?",
        "quiz1_q4_answer1": "Lorem Ipsum1",
        "quiz1_q4_answer2": "Lorem Ipsum2",
        "quiz1_q4_answer3": "Lorem Ipsum3",
        "quiz1_q4_answer4": "Lorem Ipsum4",
        "quiz1_q4_correct_answer": "Lorem Ipsum1",
        "quiz1_question5": "Lorem Ipsum?",
        "quiz1_q5_answer1": "Lorem Ipsum1",
        "quiz1_q5_answer2": "Lorem Ipsum2",
        "quiz1_q5_answer3": "Lorem Ipsum3",
        "quiz1_q5_answer4": "Lorem Ipsum4",
        "quiz1_q5_correct_answer": "Lorem Ipsum1",
        "quiz1_question6": "Lorem Ipsum?",
        "quiz1_q6_answer1": "Lorem Ipsum1",
        "quiz1_q6_answer2": "Lorem Ipsum2",
        "quiz1_q6_answer3": "Lorem Ipsum3",
        "quiz1_q6_answer4": "Lorem Ipsum4",
        "quiz1_q6_correct_answer": "Lorem Ipsum1",
        "quiz1_question7": "Lorem Ipsum?",
        "quiz1_q7_answer1": "Lorem Ipsum1",
        "quiz1_q7_answer2": "Lorem Ipsum2",
        "quiz1_q7_answer3": "Lorem Ipsum3",
        "quiz1_q7_answer4": "Lorem Ipsum4",
        "quiz1_q7_correct_answer": "Lorem Ipsum1",
        "quiz1_question8": "Lorem Ipsum?",
        "quiz1_q8_answer1": "Lorem Ipsum1",
        "quiz1_q8_answer2": "Lorem Ipsum2",
        "quiz1_q8_answer3": "Lorem Ipsum3",
        "quiz1_q8_answer4": "Lorem Ipsum4",
        "quiz1_q8_correct_answer": "Lorem Ipsum1",
        "quiz1_question9": "Lorem Ipsum?",
        "quiz1_q9_answer1": "Lorem Ipsum1",
        "quiz1_q9_answer2": "Lorem Ipsum2",
        "quiz1_q9_answer3": "Lorem Ipsum3",
        "quiz1_q9_answer4": "Lorem Ipsum4",
        "quiz1_q9_correct_answer": "Lorem Ipsum1",
        "quiz1_question10": "Lorem Ipsum?",
        "quiz1_q10_answer1": "Lorem Ipsum1",
        "quiz1_q10_answer2": "Lorem Ipsum2",
        "quiz1_q10_answer3": "Lorem Ipsum3",
        "quiz1_q10_answer4": "Lorem Ipsum4",
        "quiz1_q10_correct_answer": "Lorem Ipsum1"
        
    },
    "results": {
        "employeeID":"1",
        "quizId":"1",
        "grade":"90"
    }

}